Workbook

Sheet AMORTIZACIONES
G5: ANEXO DE DEUDA
C9: Columna1 | D9: Columna2 | E9: Columna3 | F9: Columna4 | G9: Columna5 | H9: Columna6 | I9: Columna7 | J9: Columna8 | K9: Columna9 | L9: Columna10 | M9: Columna11 | N9: Columna12 | O9: Columna13 | P9: Columna14 | Q9: Columna15 | R9: Columna16 | S9: Columna17
H11: PRÉSTAMOS A LARGO PLAZO EN VIGOR A 01/01/2025
C15: FECHA | D15: ENTIDAD | E15: IMPORTE | F15: PRIMERA AMORTIZ. | G15: ULTIMA AMORTIZ. | H15: TIPO DE INTERÉS | I15: AMORT. | J15: IMPORTE | K15: DEUDA VIVA 01/01/2023 | L15: AMORTIZ. 2023 | M15: DEUDA VIVA 31/12/2023 | N15: DEUDA VIVA 01/01/2024 | O15: AMORTIZ. 2024 | P15: DEUDA VIVA 31/12/2024 | Q15: DEUDA VIVA 01/01/2025 | R15: AMORTIZ. 2025 | S15: DEUDA VIVA 31/12/2025
C17: 43066 | D17: BANKIA | E17: 362528.65 | F17: 43100 | G17: 46660 | H17: EURIBOR TRIM. +0,600% | I17: CTE. TRIM. | J17: 9063.21 | K17: =208453.95-36252.84 -> 172201.11 | L17: =J17*4 -> 36252.84 | M17: =K17-L17 -> 135948.27 | N17: =M17 -> 135948.27 | O17: =AMORTIZACIONES!$J17*4 -> 36252.84 | P17: =N17-O17 -> 99695.43 | Q17: =P17 -> 99695.43 | R17: =AMORTIZACIONES!$J17*4 -> 36252.84 | S17: =Q17-R17 -> 63442.59
C19: 43455 | D19: UNICAJA BANCO | E19: 2051624.5 | F19: 43555 | G19: 47118 | H19: EURIBOR TRIM. +0,350% | I19: CTE. TRIM. | J19: 51290.61 | K19: =1436137.15-(51290.61*4) -> 1230974.7 | L19: =J19*4 -> 205162.44 | M19: =K19-L19 -> 1025812.3 | N19: =M19 -> 1025812.3 | O19: =AMORTIZACIONES!$J19*4 -> 205162.44 | P19: =N19-O19 -> 820649.83 | Q19: =P19 -> 820649.83 | R19: =AMORTIZACIONES!$J19*4 -> 205162.44 | S19: =Q19-R19 -> 615487.39
C21: 44440 | D21: CAJA LABORAL | E21: 2906376.9 | F21: 45291 | G21: 48579 | H21: EURIBOR ANUAL + 0,26% | I21: CTE. ANUAL | J21: =E21/10 -> 290637.68 | K21: =AMORTIZACIONES!$E21 -> 2906376.9 | L21: =AMORTIZACIONES!$J21 -> 290637.68 | M21: =AMORTIZACIONES!$K21-L21 -> 2615739.2 | N21: =M21 -> 2615739.2 | O21: =AMORTIZACIONES!$J21 -> 290637.68 | P21: =AMORTIZACIONES!$N21-O21 -> 2325101.5 | Q21: =P21 -> 2325101.5 | R21: =AMORTIZACIONES!$J21 -> 290637.68 | S21: =Q21-R21 -> 2034463.8
C23: 45717 | D23: ****** | E23: 11000000 | F23: 46387 | G23: 50040 | H23: EURIBOR ANUAL + 0,5 | Q23: 0 | R23: 0 | S23: 11000000
K25: =K17+K19+K21 -> 4309552.7 | L25: =L17+L19+L21 -> 532052.96 | M25: =M17+M19+M21 -> 3777499.7 | N25: =N17+N19+N21 -> 3777499.7 | O25: =O17+O19+O21 -> 532052.96 | P25: =P17+P19+P21 -> 3245446.7 | R25: =R17+R19+R21 -> 532052.96 | S25: =S17+S19+S21+S23 -> 13713394
