Workbook

Sheet AMORTIZACIONES
B2: ANEXO DE DEUDA
B4: PRÉSTAMOS A LARGO PLAZO EN VIGOR A 01/01/2026
B5: FECHA | C5: ENTIDAD | D5: IMPORTE | E5: PRIMERA AMORTIZ. | F5: ULTIMA AMORTIZ. | G5: TIPO DE INTERÉS | H5: AMORT. | I5: IMPORTE | J5: DEUDA VIVA 01/01/2023 | K5: AMORTIZ. 2023 | L5: DEUDA VIVA 31/12/2023 | M5: DEUDA VIVA 01/01/2024 | N5: AMORTIZ. 2024 | O5: DEUDA VIVA 31/12/2024 | P5: DEUDA VIVA 01/01/2025 | Q5: AMORTIZ. 2025 | R5: DEUDA VIVA 31/12/2025 | S5: DEUDA VIVA 01/01/2026 | T5: AMORTIZ. 2026 | U5: DEUDA VIVA 31/12/2026
B7: 43066 | C7: BANKIA | D7: 362528.65 | E7: 43100 | F7: 46660 | G7: EURIBOR TRIM. +0,600% | H7: CTE. TRIM. | I7: 9063.21 | J7: =208453.95-36252.84 -> 172201.11 | K7: =I7*4 -> 36252.84 | L7: =J7-K7 -> 135948.27 | M7: =L7 -> 135948.27 | N7: =AMORTIZACIONES!$I7*4 -> 36252.84 | O7: =M7-N7 -> 99695.43 | P7: =O7 -> 99695.43 | Q7: =AMORTIZACIONES!$I7*4 -> 36252.84 | R7: =P7-Q7 -> 63442.59 | S7: =R7 -> 63442.59 | T7: =AMORTIZACIONES!$I7*4 -> 36252.84 | U7: =S7-T7 -> 27189.75
B9: 43455 | C9: UNICAJA BANCO | D9: 2051624.5 | E9: 43555 | F9: 47118 | G9: EURIBOR TRIM. +0,350% | H9: CTE. TRIM. | I9: 51290.61 | J9: =1436137.15-(51290.61*4) -> 1230974.7 | K9: =I9*4 -> 205162.44 | L9: =J9-K9 -> 1025812.3 | M9: =L9 -> 1025812.3 | N9: =AMORTIZACIONES!$I9*4 -> 205162.44 | O9: =M9-N9 -> 820649.83 | P9: =O9 -> 820649.83 | Q9: =AMORTIZACIONES!$I9*4 -> 205162.44 | R9: =P9-Q9 -> 615487.39 | S9: =R9 -> 615487.39 | T9: =AMORTIZACIONES!$I9*4 -> 205162.44 | U9: =S9-T9 -> 410324.95
B11: 44440 | C11: CAJA LABORAL | D11: 2906376.9 | E11: 45291 | F11: 48579 | G11: EURIBOR ANUAL + 0,26% | H11: CTE. ANUAL | I11: =D11/10 -> 290637.68 | J11: =AMORTIZACIONES!$D11 -> 2906376.9 | K11: =AMORTIZACIONES!$I11 -> 290637.68 | L11: =AMORTIZACIONES!$J11-K11 -> 2615739.2 | M11: =L11 -> 2615739.2 | N11: =AMORTIZACIONES!$I11 -> 290637.68 | O11: =AMORTIZACIONES!$M11-N11 -> 2325101.5 | P11: =O11 -> 2325101.5 | Q11: =AMORTIZACIONES!$I11 -> 290637.68 | R11: =P11-Q11 -> 2034463.8 | S11: =R11 -> 2034463.8 | T11: =AMORTIZACIONES!$I11 -> 290637.68 | U11: =S11-T11 -> 1743826.1
B13: 46082 | C13: ****** | D13: 11000000 | E13: 46752 | F13: 50405 | G13: EURIBOR ANUAL + 0,5 | U13: 11000000
J15: =J7+J9+J11 -> 4309552.7 | K15: =K7+K9+K11 -> 532052.96 | L15: =L7+L9+L11 -> 3777499.7 | M15: =M7+M9+M11 -> 3777499.7 | N15: =N7+N9+N11 -> 532052.96 | O15: =O7+O9+O11 -> 3245446.7 | P15: =P7+P9+P11 -> 3245446.7 | Q15: =Q7+Q9+Q11 -> 532052.96 | R15: =R7+R9+R11+R13 -> 2713393.8 | S15: =S7+S9+S11 -> 2713393.8 | T15: =T7+T9+T11 -> 532052.96 | U15: =U7+U9+U11+U13 -> 13181341
